{
  "intercept": -206.85,
  "coefficients": {
    "attendance": 0.014233,
    "ko_12:30": 12.680012,
    "ko_17:30": 3.521081,
    "ko_20:00": 7.273917
  },
  "r2": 0.8641,
  "mae": 25.2,
  "baseline_kickoff": "15:00"
}